{
  "buckets": {
    "Del Mar|dirt|unk": {
      "w": [
        0.0,
        0.0,
        0.0,
        0.0,
        0.0,
        0.0,
        0.0,
        2.4667392499169133e-16,
        0.0,
        0.0,
        0.0,
        0.0,
        0.0,
        -2.2561622912522338e-15,
        -9.549961118656129e-17,
        0.0,
        0.0,
        0.0,
        0.0,
        0.0
      ],
      "b": -2.8791687000490582,
      "stat": {
        "mu": [
          0.0,
          0.0,
          0.0,
          0.0,
          0.0,
          0.0,
          0.0,
          0.9542181069958848,
          0.0,
          0.0,
          0.0,
          -33.3,
          0.4166666666666667,
          0.9338319088319088,
          0.0017592592592592592,
          0.0,
          0.0,
          0.0,
          0.0,
          -6.7
        ],
        "sd": [
          1.0,
          1.0,
          1.0,
          1.0,
          1.0,
          1.0,
          1.0,
          0.21023870854163856,
          1.0,
          1.0,
          1.0,
          1.0,
          1.0,
          0.01599934531456585,
          0.003807571332398535,
          1.0,
          1.0,
          1.0,
          1.0,
          1.0
        ]
      },
      "n": 324
    },
    "Gulfstream Park|dirt|unk": {
      "w": [
        0.0,
        0.0,
        0.0,
        0.0,
        0.0,
        0.0,
        0.0,
        -9.647282309399652e-19,
        0.0,
        0.0,
        0.0,
        0.0,
        0.0,
        2.45745449847649e-15,
        -4.964209274048023e-18,
        0.0,
        0.0,
        0.0,
        0.0,
        0.0
      ],
      "b": -2.879168700049059,
      "stat": {
        "mu": [
          0.0,
          0.0,
          0.0,
          0.0,
          0.0,
          0.0,
          0.0,
          0.7808176100628931,
          0.0,
          0.0,
          0.0,
          -33.3,
          0.4166666666666667,
          0.9210159651669086,
          0.002037735849056604,
          0.0,
          0.0,
          0.0,
          0.0,
          -6.7
        ],
        "sd": [
          1.0,
          1.0,
          1.0,
          1.0,
          1.0,
          1.0,
          1.0,
          0.20589825259976907,
          1.0,
          1.0,
          1.0,
          1.0,
          1.0,
          0.021237674559536606,
          0.004028025707469554,
          1.0,
          1.0,
          1.0,
          1.0,
          1.0
        ]
      },
      "n": 265
    },
    "Kentucky Downs|dirt|unk": {
      "w": [
        0.0,
        0.0,
        0.0,
        0.0,
        0.0,
        0.0,
        0.0,
        1.0619479617406589e-15,
        0.0,
        0.0,
        0.0,
        -2.7624445457286237e-17,
        0.0,
        3.616125830670229e-15,
        3.5243222226161327e-17,
        0.0,
        0.0,
        0.0,
        0.0,
        0.0
      ],
      "b": -2.879168700049059,
      "stat": {
        "mu": [
          0.0,
          0.0,
          0.0,
          0.0,
          0.0,
          0.0,
          0.0,
          1.2072851153039832,
          0.0,
          0.0,
          0.0,
          -28.98081761006289,
          0.4166666666666667,
          0.9262094823415579,
          0.0014150943396226416,
          0.0,
          0.0,
          0.0,
          0.0,
          -6.7
        ],
        "sd": [
          1.0,
          1.0,
          1.0,
          1.0,
          1.0,
          1.0,
          1.0,
          0.16669612459366429,
          1.0,
          1.0,
          1.0,
          7.881266585599598,
          1.0,
          0.014601267370203617,
          0.0034854628682851256,
          1.0,
          1.0,
          1.0,
          1.0,
          1.0
        ]
      },
      "n": 636
    },
    "Louisiana Downs|dirt|unk": {
      "w": [
        0.0,
        0.0,
        0.0,
        0.0,
        0.0,
        0.0,
        0.0,
        -5.701357258536584e-16,
        0.0,
        0.0,
        0.0,
        0.0,
        0.0,
        -2.0922121013476266e-15,
        -1.494985102599616e-16,
        0.0,
        0.0,
        0.0,
        0.0,
        0.0
      ],
      "b": -2.8791687000490582,
      "stat": {
        "mu": [
          0.0,
          0.0,
          0.0,
          0.0,
          0.0,
          0.0,
          0.0,
          0.741156462585034,
          0.0,
          0.0,
          0.0,
          -33.3,
          0.4166666666666667,
          0.926342229199372,
          0.0023673469387755102,
          0.0,
          0.0,
          0.0,
          0.0,
          -6.7
        ],
        "sd": [
          1.0,
          1.0,
          1.0,
          1.0,
          1.0,
          1.0,
          1.0,
          0.17441518872833875,
          1.0,
          1.0,
          1.0,
          1.0,
          1.0,
          0.019925310732401478,
          0.0042507808528816585,
          1.0,
          1.0,
          1.0,
          1.0,
          1.0
        ]
      },
      "n": 245
    },
    "Laurel Park|dirt|unk": {
      "w": [
        0.0,
        0.0,
        0.0,
        0.0,
        0.0,
        0.0,
        0.0,
        3.780320479908272e-16,
        0.0,
        0.0,
        0.0,
        0.0,
        0.0,
        9.443370300890408e-17,
        -9.755357457837248e-17,
        0.0,
        0.0,
        0.0,
        0.0,
        0.0
      ],
      "b": -2.8791687000490582,
      "stat": {
        "mu": [
          0.0,
          0.0,
          0.0,
          0.0,
          0.0,
          0.0,
          0.0,
          0.6670812603648425,
          0.0,
          0.0,
          0.0,
          -33.3,
          0.4166666666666667,
          0.9250669728281669,
          0.0025870646766169153,
          0.0,
          0.0,
          0.0,
          0.0,
          -6.7
        ],
        "sd": [
          1.0,
          1.0,
          1.0,
          1.0,
          1.0,
          1.0,
          1.0,
          0.11592917591327281,
          1.0,
          1.0,
          1.0,
          1.0,
          1.0,
          0.029681040951484997,
          0.0043792400168488335,
          1.0,
          1.0,
          1.0,
          1.0,
          1.0
        ]
      },
      "n": 201
    },
    "Woodbine|dirt|unk": {
      "w": [
        0.0,
        0.0,
        0.0,
        0.0,
        0.0,
        0.0,
        0.0,
        -3.8990657770787826e-17,
        0.0,
        0.0,
        0.0,
        -1.564029286466859e-16,
        0.0,
        1.92573637243331e-15,
        -1.558000271657443e-17,
        0.0,
        0.0,
        0.0,
        0.0,
        0.0
      ],
      "b": -2.8791687000490582,
      "stat": {
        "mu": [
          0.0,
          0.0,
          0.0,
          0.0,
          0.0,
          0.0,
          0.0,
          0.6758130081300813,
          0.0,
          0.0,
          0.0,
          -29.340752032520324,
          0.4166666666666667,
          0.9221153846153847,
          0.0026219512195121953,
          0.0,
          0.0,
          0.0,
          0.0,
          -6.7
        ],
        "sd": [
          1.0,
          1.0,
          1.0,
          1.0,
          1.0,
          1.0,
          1.0,
          0.18600059808133712,
          1.0,
          1.0,
          1.0,
          8.955994637635298,
          1.0,
          0.02219172727430074,
          0.004398281937031829,
          1.0,
          1.0,
          1.0,
          1.0,
          1.0
        ]
      },
      "n": 328
    },
    "Finger Lakes|dirt|unk": {
      "w": [
        0.0,
        0.0,
        0.0,
        0.0,
        0.0,
        0.0,
        0.0,
        -2.3969258170827103e-16,
        0.0,
        0.0,
        0.0,
        0.0,
        0.0,
        3.830056539361491e-16,
        -2.4378623871782824e-17,
        0.0,
        0.0,
        0.0,
        0.0,
        0.0
      ],
      "b": -2.8791687000490582,