{
  "buckets": {
    "Belmont at the Big A|dirt|unk": {
      "w": [
        0.0,
        0.0,
        0.0,
        0.0,
        0.0,
        0.0,
        0.0,
        3.2047878834615425e-17,
        0.0,
        0.0,
        0.0,
        0.0,
        0.0,
        6.393683950241557e-16,
        3.138441696475375e-17,
        0.0,
        0.0,
        0.0,
        0.0,
        0.0
      ],
      "b": -3.018695987466914,
      "stat": {
        "mu": [
          0.0,
          0.0,
          0.0,
          0.0,
          0.0,
          0.0,
          0.0,
          0.8328488372093024,
          0.0,
          0.0,
          0.0,
          -33.3,
          0.4166666666666667,
          0.9318872987477639,
          0.0022674418604651165,
          0.0,
          0.0,
          0.0,
          0.0,
          -6.7
        ],
        "sd": [
          1.0,
          1.0,
          1.0,
          1.0,
          1.0,
          1.0,
          1.0,
          0.2222116001419953,
          1.0,
          1.0,
          1.0,
          1.0,
          1.0,
          0.016353295073464367,
          0.004187257576751358,
          1.0,
          1.0,
          1.0,
          1.0,
          1.0
        ]
      },
      "n": 344
    },
    "Churchill Downs|dirt|unk": {
      "w": [
        0.0,
        0.0,
        0.0,
        0.0,
        0.0,
        0.0,
        0.0,
        -2.882252017110898e-16,
        0.0,
        0.0,
        0.0,
        0.0,
        0.0,
        -1.2383959787697542e-15,
        -9.323822742105735e-19,
        0.0,
        0.0,
        0.0,
        0.0,
        0.0
      ],
      "b": -3.018695987466915,
      "stat": {
        "mu": [
          0.0,
          0.0,
          0.0,
          0.0,
          0.0,
          0.0,
          0.0,
          0.9215566422167889,
          0.0,
          0.0,
          0.0,
          -33.3,
          0.4166666666666667,
          0.9261237539966146,
          0.0019070904645476774,
          0.0,
          0.0,
          0.0,
          0.0,
          -6.7
        ],
        "sd": [
          1.0,
          1.0,
          1.0,
          1.0,
          1.0,
          1.0,
          1.0,
          0.2033153494793328,
          1.0,
          1.0,
          1.0,
          1.0,
          1.0,
          0.013414551602889012,
          0.0039286016094162695,
          1.0,
          1.0,
          1.0,
          1.0,
          1.0
        ]
      },
      "n": 409
    },
    "Gulfstream Park|dirt|unk": {
      "w": [
        0.0,
        0.0,
        0.0,
        0.0,
        0.0,
        0.0,
        0.0,
        5.559816949860938e-17,
        0.0,
        0.0,
        0.0,
        0.0,
        0.0,
        -1.1874293614080053e-15,
        6.510450255420483e-17,
        0.0,
        0.0,
        0.0,
        0.0,
        0.0
      ],
      "b": -3.0186959874669146,
      "stat": {
        "mu": [
          0.0,
          0.0,
          0.0,
          0.0,
          0.0,
          0.0,
          0.0,
          0.7744360902255639,
          0.0,
          0.0,
          0.0,
          -33.3,
          0.4166666666666667,
          0.9242625795257374,
          0.002105263157894737,
          0.0,
          0.0,
          0.0,
          0.0,
          -6.7
        ],
        "sd": [
          1.0,
          1.0,
          1.0,
          1.0,
          1.0,
          1.0,
          1.0,
          0.1718437643105395,
          1.0,
          1.0,
          1.0,
          1.0,
          1.0,
          0.02212556257924949,
          0.004076824574955175,
          1.0,
          1.0,
          1.0,
          1.0,
          1.0
        ]
      },
      "n": 266
    },
    "Monmouth Park|dirt|unk": {
      "w": [
        0.0,
        0.0,
        0.0,
        0.0,
        0.0,
        0.0,
        0.0,
        4.582411742684655e-17,
        0.0,
        0.0,
        0.0,
        0.0,
        0.0,
        9.937382148403099e-16,
        2.772979153641514e-17,
        0.0,
        0.0,
        0.0,
        0.0,
        0.0
      ],
      "b": -3.018695987466914,
      "stat": {
        "mu": [
          0.0,
          0.0,
          0.0,
          0.0,
          0.0,
          0.0,
          0.0,
          0.7736686390532544,
          0.0,
          0.0,
          0.0,
          -33.3,
          0.4166666666666667,
          0.9192990441511152,
          0.0022485207100591716,
          0.0,
          0.0,
          0.0,
          0.0,
          -6.7
        ],
        "sd": [
          1.0,
          1.0,
          1.0,
          1.0,
          1.0,
          1.0,
          1.0,
          0.17085069473348868,
          1.0,
          1.0,
          1.0,
          1.0,
          1.0,
          0.021122160955052198,
          0.004174848705884648,
          1.0,
          1.0,
          1.0,
          1.0,
          1.0
        ]
      },
      "n": 169
    },
    "Woodbine|dirt|unk": {
      "w": [
        0.0,
        0.0,
        0.0,
        0.0,
        0.0,
        0.0,
        0.0,
        -1.4680523733708527e-16,
        0.0,
        0.0,
        0.0,
        0.0,
        0.0,
        4.1175758216360994e-16,
        2.5426863949934527e-17,
        0.0,
        0.0,
        0.0,
        0.0,
        0.0
      ],
      "b": -3.0186959874669146,
      "stat": {
        "mu": [
          0.0,
          0.0,
          0.0,
          0.0,
          0.0,
          0.0,
          0.0,
          0.7659744408945687,
          0.0,
          0.0,
          0.0,
          -33.3,
          0.4166666666666667,
          0.9259768985008602,
          0.0023003194888178914,
          0.0,
          0.0,
          0.0,
          0.0,
          -6.7
        ],
        "sd": [
          1.0,
          1.0,
          1.0,
          1.0,
          1.0,
          1.0,
          1.0,
          0.18270164205764242,
          1.0,
          1.0,
          1.0,
          1.0,
          1.0,
          0.020804446524209836,
          0.004208530044747633,
          1.0,
          1.0,
          1.0,
          1.0,
          1.0
        ]
      },
      "n": 313
    },
    "Parx Racing|dirt|unk": {
      "w": [
        0.0,
        0.0,
        0.0,
        0.0,
        0.0,
        0.0,
        0.0,
        -2.512186647774186e-16,
        0.0,
        0.0,
        0.0,
        0.0,
        0.0,
        -6.899408531989767e-16,
        4.7818555669317147e-17,
        0.0,
        0.0,
        0.0,
        0.0,
        0.0
      ],
      "b": -3.018695987466914,
      "stat": {
        "mu": [
          0.0,
          0.0,
          0.0,
          0.0,
          0.0,
          0.0,
          0.0,
          0.5762273901808785,
          0.0,
          0.0,
          0.0,
          -33.3,
          0.4166666666666667,
          0.9271615980918306,
          0.0029457364341085274,
          0.0,
          0.0,
          0.0,
          0.0,
          -6.7
        ],
        "sd": [
          1.0,
          1.0,
          1.0,
          1.0,
          1.0,
          1.0,
          1.0,
          0.08139278532528522,
          1.0,
          1.0,
          1.0,
          1.0,
          1.0,
          0.024523587488037915,
          0.004558508659841599,
          1.0,
          1.0,
          1.0,
          1.0,
          1.0
        ]
      },
      "n": 258
    },
    "Kentucky Downs|dirt|unk": {
      "w": [
        0.0,
        0.0,
        0.0,
        0.0,
        0.0,
        0.0,
        0.0,
        -9.961684168868674e-16,
        0.0,
        0.0,
        0.0,
        0.0,
        0.0,
        -1.982968789449164e-15,
        -5.691468624063489e-17,
        0.0,
        0.0,
        0.0,
        0.0,
        0.0
      ],
      "b": -3.0186959874669146,