{
  "buckets": {
    "Churchill Downs|dirt|unk": {
      "w": [
        0.0,
        0.0,
        0.0,
        0.0,
        0.0,
        0.0,
        0.0,
        1.840148112596812e-16,
        0.0,
        0.0,
        0.0,
        0.0,
        0.0,
        4.407337162096603e-16,
        -1.4373615306323263e-18,
        0.0,
        0.0,
        0.0,
        0.0,
        0.0
      ],
      "b": -2.8791687000490582,
      "stat": {
        "mu": [
          0.0,
          0.0,
          0.0,
          0.0,
          0.0,
          0.0,
          0.0,
          0.9219298245614035,
          0.0,
          0.0,
          0.0,
          -33.3,
          0.4166666666666667,
          0.9276518218623482,
          0.0018947368421052633,
          0.0,
          0.0,
          0.0,
          0.0,
          -6.7
        ],
        "sd": [
          1.0,
          1.0,
          1.0,
          1.0,
          1.0,
          1.0,
          1.0,
          0.1991614461313118,
          1.0,
          1.0,
          1.0,
          1.0,
          1.0,
          0.012649538255447186,
          0.0039188443092602705,
          1.0,
          1.0,
          1.0,
          1.0,
          1.0
        ]
      },
      "n": 190
    },
    "Gulfstream Park|dirt|unk": {
      "w": [
        0.0,
        0.0,
        0.0,
        0.0,
        0.0,
        0.0,
        0.0,
        -9.904618970336967e-17,
        0.0,
        0.0,
        0.0,
        0.0,
        0.0,
        1.698291514630663e-15,
        -7.613240576293168e-17,
        0.0,
        0.0,
        0.0,
        0.0,
        0.0
      ],
      "b": -2.8791687000490582,
      "stat": {
        "mu": [
          0.0,
          0.0,
          0.0,
          0.0,
          0.0,
          0.0,
          0.0,
          0.7907088122605364,
          0.0,
          0.0,
          0.0,
          -33.3,
          0.4166666666666667,
          0.9216843501326261,
          0.0020689655172413794,
          0.0,
          0.0,
          0.0,
          0.0,
          -6.7
        ],
        "sd": [
          1.0,
          1.0,
          1.0,
          1.0,
          1.0,
          1.0,
          1.0,
          0.2070821636196461,
          1.0,
          1.0,
          1.0,
          1.0,
          1.0,
          0.0216929332969804,
          0.004050806939472666,
          1.0,
          1.0,
          1.0,
          1.0,
          1.0
        ]
      },
      "n": 348
    },
    "Laurel Park|dirt|unk": {
      "w": [
        0.0,
        0.0,
        0.0,
        0.0,
        0.0,
        0.0,
        0.0,
        3.4916403531770116e-16,
        0.0,
        0.0,
        0.0,
        0.0,
        0.0,
        1.47758106566299e-15,
        -1.184215893898241e-17,
        0.0,
        0.0,
        0.0,
        0.0,
        0.0
      ],
      "b": -2.8791687000490587,
      "stat": {
        "mu": [
          0.0,
          0.0,
          0.0,
          0.0,
          0.0,
          0.0,
          0.0,
          0.6740196078431373,
          0.0,
          0.0,
          0.0,
          -33.3,
          0.4166666666666667,
          0.9276018099547512,
          0.0026102941176470587,
          0.0,
          0.0,
          0.0,
          0.0,
          -6.7
        ],
        "sd": [
          1.0,
          1.0,
          1.0,
          1.0,
          1.0,
          1.0,
          1.0,
          0.13136203133197663,
          1.0,
          1.0,
          1.0,
          1.0,
          1.0,
          0.028984893929142094,
          0.004391959220649453,
          1.0,
          1.0,
          1.0,
          1.0,
          1.0
        ]
      },
      "n": 272
    },
    "Woodbine|dirt|unk": {
      "w": [
        0.0,
        0.0,
        0.0,
        0.0,
        0.0,
        0.0,
        0.0,
        -1.3602971677820757e-16,
        0.0,
        0.0,
        0.0,
        0.0,
        0.0,
        1.669635773147019e-15,
        4.707217850046601e-17,
        0.0,
        0.0,
        0.0,
        0.0,
        0.0
      ],
      "b": -2.8791687000490582,
      "stat": {
        "mu": [
          0.0,
          0.0,
          0.0,
          0.0,
          0.0,
          0.0,
          0.0,
          0.6944444444444444,
          0.0,
          0.0,
          0.0,
          -33.3,
          0.4166666666666667,
          0.9237637362637363,
          0.0025595238095238097,
          0.0,
          0.0,
          0.0,
          0.0,
          -6.7
        ],
        "sd": [
          1.0,
          1.0,
          1.0,
          1.0,
          1.0,
          1.0,
          1.0,
          0.19065178744621672,
          1.0,
          1.0,
          1.0,
          1.0,
          1.0,
          0.022171339583281838,
          0.004363951874587851,
          1.0,
          1.0,
          1.0,
          1.0,
          1.0
        ]
      },
      "n": 336
    },
    "Del Mar|dirt|unk": {
      "w": [
        0.0,
        0.0,
        0.0,
        0.0,
        0.0,
        0.0,
        0.0,
        2.4667392499169133e-16,
        0.0,
        0.0,
        0.0,
        0.0,
        0.0,
        -2.2561622912522338e-15,
        -9.549961118656129e-17,
        0.0,
        0.0,
        0.0,
        0.0,
        0.0
      ],
      "b": -2.8791687000490582,
      "stat": {
        "mu": [
          0.0,
          0.0,
          0.0,
          0.0,
          0.0,
          0.0,
          0.0,
          0.9542181069958848,
          0.0,
          0.0,
          0.0,
          -33.3,
          0.4166666666666667,
          0.9338319088319088,
          0.0017592592592592592,
          0.0,
          0.0,
          0.0,
          0.0,
          -6.7
        ],
        "sd": [
          1.0,
          1.0,
          1.0,
          1.0,
          1.0,
          1.0,
          1.0,
          0.21023870854163856,
          1.0,
          1.0,
          1.0,
          1.0,
          1.0,
          0.01599934531456585,
          0.003807571332398535,
          1.0,
          1.0,
          1.0,
          1.0,
          1.0
        ]
      },
      "n": 324
    },
    "Kentucky Downs|dirt|unk": {
      "w": [
        0.0,
        0.0,
        0.0,
        0.0,
        0.0,
        0.0,
        0.0,
        -7.203052035530741e-16,
        0.0,
        0.0,
        0.0,
        0.0,
        0.0,
        -6.361137057160936e-16,
        -4.473674899066178e-17,
        0.0,
        0.0,
        0.0,
        0.0,
        0.0
      ],
      "b": -2.879168700049058,
      "stat": {
        "mu": [
          0.0,
          0.0,
          0.0,
          0.0,
          0.0,
          0.0,
          0.0,
          1.213423050379572,
          0.0,
          0.0,
          0.0,
          -33.3,
          0.4166666666666667,
          0.9258162127727345,
          0.0014078674948240165,
          0.0,
          0.0,
          0.0,
          0.0,
          -6.7
        ],
        "sd": [
          1.0,
          1.0,
          1.0,
          1.0,
          1.0,
          1.0,
          1.0,
          0.16627577695756374,
          1.0,
          1.0,
          1.0,
          1.0,
          1.0,
          0.013863084808721038,
          0.003478014385430013,
          1.0,
          1.0,
          1.0,
          1.0,
          1.0
        ]
      },
      "n": 483
    },
    "Louisiana Downs|dirt|unk": {
      "w": [
        0.0,
        0.0,
        0.0,
        0.0,
        0.0,
        0.0,
        0.0,
        -5.701357258536584e-16,
        0.0,
        0.0,
        0.0,
        0.0,
        0.0,
        -2.0922121013476266e-15,
        -1.494985102599616e-16,
        0.0,
        0.0,
        0.0,
        0.0,
        0.0
      ],
      "b": -2.8791687000490582,