{
  "buckets": {
    "Belmont at the Big A|dirt|unk": {
      "w": [
        0.0,
        0.0,
        0.0,
        0.0,
        0.0,
        0.0,
        0.0,
        1.3580415109399465e-16,
        0.0,
        0.0,
        0.0,
        -5.283415799372216e-17,
        0.0,
        1.3400360682841923e-15,
        5.016744981738898e-17,
        0.0,
        8.099407820062868e-17,
        0.0,
        0.0,
        0.0
      ],
      "b": -2.8791687000490582,
      "stat": {
        "mu": [
          0.0,
          0.0,
          0.0,
          0.0,
          0.0,
          0.0,
          0.0,
          0.8329383886255924,
          0.0,
          0.0,
          0.0,
          -31.579383886255922,
          0.4166666666666667,
          0.9358002187386074,
          0.0022274881516587677,
          0.0,
          0.05924170616113744,
          0.0,
          0.0,
          -6.7
        ],
        "sd": [
          1.0,
          1.0,
          1.0,
          1.0,
          1.0,
          1.0,
          1.0,
          0.20906233123641832,
          1.0,
          1.0,
          1.0,
          7.5195906286379435,
          1.0,
          0.033040251635988394,
          0.004160910723724733,
          1.0,
          0.2360765266015554,
          1.0,
          1.0,
          1.0
        ]
      },
      "n": 422
    },
    "Churchill Downs|dirt|unk": {
      "w": [
        0.0,
        0.0,
        0.0,
        0.0,
        0.0,
        0.0,
        0.0,
        6.489206614392222e-16,
        0.0,
        0.0,
        0.0,
        2.9587224583237053e-16,
        0.0,
        3.669177609242586e-15,
        -1.3162349072173547e-16,
        0.0,
        1.839177487695317e-16,
        0.0,
        0.0,
        0.0
      ],
      "b": -2.879168700049059,
      "stat": {
        "mu": [
          0.0,
          0.0,
          0.0,
          0.0,
          0.0,
          0.0,
          0.0,
          0.9175257731958762,
          0.0,
          0.0,
          0.0,
          -28.11746849942726,
          0.4166666666666667,
          0.9251652127940788,
          0.0019243986254295533,
          0.0,
          0.04639175257731959,
          0.0,
          0.0,
          -6.7
        ],
        "sd": [
          1.0,
          1.0,
          1.0,
          1.0,
          1.0,
          1.0,
          1.0,
          0.2142192079107725,
          1.0,
          1.0,
          1.0,
          13.295833661395195,
          1.0,
          0.012622471982931226,
          0.003942166432907213,
          1.0,
          0.21033201817632127,
          1.0,
          1.0,
          1.0
        ]
      },
      "n": 582
    },
    "Gulfstream Park|dirt|unk": {
      "w": [
        0.0,
        0.0,
        0.0,
        0.0,
        0.0,
        0.0,
        0.0,
        5.85082412123e-17,
        0.0,
        0.0,
        0.0,
        0.0,
        0.0,
        -1.1980916492892632e-15,
        6.533477038188842e-17,
        0.0,
        3.482033768050341e-18,
        0.0,
        0.0,
        0.0
      ],
      "b": -2.8791687000490587,
      "stat": {
        "mu": [
          0.0,
          0.0,
          0.0,
          0.0,
          0.0,
          0.0,
          0.0,
          0.7744360902255639,
          0.0,
          0.0,
          0.0,
          -33.3,
          0.4166666666666667,
          0.9242625795257374,
          0.002105263157894737,
          0.0,
          0.05639097744360902,
          0.0,
          0.0,
          -6.7
        ],
        "sd": [
          1.0,
          1.0,
          1.0,
          1.0,
          1.0,
          1.0,
          1.0,
          0.1718437643105395,
          1.0,
          1.0,
          1.0,
          1.0,
          1.0,
          0.02212556257924949,
          0.004076824574955175,
          1.0,
          0.23067517228033754,
          1.0,
          1.0,
          1.0
        ]
      },
      "n": 266
    },
    "Laurel Park|dirt|unk": {
      "w": [
        0.0,
        0.0,
        0.0,
        0.0,
        0.0,
        0.0,
        0.0,
        1.618956989048125e-16,
        0.0,
        0.0,
        0.0,
        0.0,
        0.0,
        -6.897367162432783e-17,
        -1.1408811286135017e-17,
        0.0,
        -7.420381342867634e-19,
        0.0,
        0.0,
        0.0
      ],
      "b": -2.8791687000490582,
      "stat": {
        "mu": [
          0.0,
          0.0,
          0.0,
          0.0,
          0.0,
          0.0,
          0.0,
          0.8044077134986226,
          0.0,
          0.0,
          0.0,
          -33.3,
          0.4166666666666667,
          0.9310235219326128,
          0.002190082644628099,
          0.0,
          0.028925619834710745,
          0.0,
          0.0,
          -6.7
        ],
        "sd": [
          1.0,
          1.0,
          1.0,
          1.0,
          1.0,
          1.0,
          1.0,
          0.2184422750418111,
          1.0,
          1.0,
          1.0,
          1.0,
          1.0,
          0.026892342539076155,
          0.004135742310151804,
          1.0,
          0.16759751893118385,
          1.0,
          1.0,
          1.0
        ]
      },
      "n": 242
    },
    "Woodbine|dirt|unk": {
      "w": [
        0.0,
        0.0,
        0.0,
        0.0,
        0.0,
        0.0,
        0.0,
        -2.980598021986641e-16,
        0.0,
        0.0,
        0.0,
        6.528310636139826e-17,
        0.0,
        2.5714571614727665e-15,
        7.358390424801752e-17,
        0.0,
        3.1438377607521683e-16,
        0.0,
        0.0,
        0.0
      ],
      "b": -2.8791687000490587,
      "stat": {
        "mu": [
          0.0,
          0.0,
          0.0,
          0.0,
          0.0,
          0.0,
          0.0,
          0.7594339622641509,
          0.0,
          0.0,
          0.0,
          -27.04600179694519,
          0.4166666666666667,
          0.9254405971387104,
          0.0023180592991913747,
          0.0,
          0.09973045822102426,
          0.0,
          0.0,
          -6.7
        ],
        "sd": [
          1.0,
          1.0,
          1.0,
          1.0,
          1.0,
          1.0,
          1.0,
          0.180327669370025,
          1.0,
          1.0,
          1.0,
          14.551910097594279,
          1.0,
          0.0209237017933224,
          0.004219857115750027,
          1.0,
          0.29964027420233214,
          1.0,
          1.0,
          1.0
        ]
      },
      "n": 371
    },
    "Finger Lakes|dirt|unk": {
      "w": [
        0.0,
        0.0,
        0.0,
        0.0,
        0.0,
        0.0,
        0.0,
        -9.388998507392076e-17,
        0.0,
        0.0,
        0.0,
        0.0,
        0.0,
        -1.64685892299274e-15,
        7.690408371204714e-17,
        0.0,
        -1.2471695452222093e-16,
        0.0,
        0.0,
        0.0
      ],
      "b": -2.8791687000490587,
      "stat": {
        "mu": [
          0.0,
          0.0,
          0.0,
          0.0,
          0.0,
          0.0,
          0.0,
          0.6622807017543859,
          0.0,
          0.0,
          0.0,
          -33.3,
          0.4166666666666667,
          0.9415384615384615,
          0.002631578947368421,
          0.0,
          0.02631578947368421,
          0.0,
          0.0,
          -6.7
        ],
        "sd": [
          1.0,
          1.0,
          1.0,
          1.0,
          1.0,
          1.0,
          1.0,
          0.140939008962958,
          1.0,
          1.0,
          1.0,
          1.0,
          1.0,
          0.013011266468834423,
          0.004403473823863555,
          1.0,
          0.16007269816574263,
          1.0,
          1.0,
          1.0
        ]
      },
      "n": 190
    },