{
  "buckets": {
    "Belmont at the Big A|dirt|unk": {
      "w": [
        0.0,
        0.0,
        0.0,
        0.0,
        0.0,
        0.0,
        0.0,
        -1.3705603383260323e-16,
        0.0,
        0.0,
        0.0,
        -9.111946073744444e-17,
        0.0,
        6.176100081272483e-16,
        7.007474261227714e-18,
        0.0,
        0.0,
        0.0,
        0.0,
        0.0
      ],
      "b": -2.8791687000490573,
      "stat": {
        "mu": [
          0.0,
          0.0,
          0.0,
          0.0,
          0.0,
          0.0,
          0.0,
          0.8577265973254086,
          0.0,
          0.0,
          0.0,
          -31.352699356116887,
          0.4166666666666667,
          0.930578732807559,
          0.0023130262506191185,
          0.0,
          0.0,
          0.0,
          0.0,
          -6.7
        ],
        "sd": [
          1.0,
          1.0,
          1.0,
          1.0,
          1.0,
          1.0,
          1.0,
          0.24714262583489804,
          1.0,
          1.0,
          1.0,
          6.6430596357326,
          1.0,
          0.026027544582403337,
          0.004216654132145302,
          1.0,
          1.0,
          1.0,
          1.0,
          1.0
        ]
      },
      "n": 2019
    },
    "Churchill Downs|dirt|unk": {
      "w": [
        0.0,
        0.0,
        0.0,
        0.0,
        0.0,
        0.0,
        0.0,
        2.439081072828509e-16,
        0.0,
        0.0,
        0.0,
        -6.391113494519425e-16,
        0.0,
        1.794516819511054e-15,
        8.068215343880666e-17,
        0.0,
        0.0,
        0.0,
        0.0,
        0.0
      ],
      "b": -2.8791687000490587,
      "stat": {
        "mu": [
          0.0,
          0.0,
          0.0,
          0.0,
          0.0,
          0.0,
          0.0,
          0.8625468734164387,
          0.0,
          0.0,
          0.0,
          -32.089703050572616,
          0.4166666666666667,
          0.9226886825549033,
          0.002079659470963819,
          0.0,
          0.0,
          0.0,
          0.0,
          -6.7
        ],
        "sd": [
          1.0,
          1.0,
          1.0,
          1.0,
          1.0,
          1.0,
          1.0,
          0.23841348154681896,
          1.0,
          1.0,
          1.0,
          4.914816973249187,
          1.0,
          0.01929398677643859,
          0.004058523277556589,
          1.0,
          1.0,
          1.0,
          1.0,
          1.0
        ]
      },
      "n": 3289
    },
    "Gulfstream Park|dirt|unk": {
      "w": [
        0.0,
        0.0,
        0.0,
        0.0,
        0.0,
        0.0,
        0.0,
        -2.4881157427227597e-16,
        0.0,
        0.0,
        0.0,
        -6.049790398595778e-16,
        0.0,
        -1.7207529728665867e-15,
        -5.506355963244134e-17,
        0.0,
        0.0,
        0.0,
        0.0,
        0.0
      ],
      "b": -2.879168700049061,
      "stat": {
        "mu": [
          0.0,
          0.0,
          0.0,
          0.0,
          0.0,
          0.0,
          0.0,
          0.7312679108128888,
          0.0,
          0.0,
          0.0,
          -32.89079471587335,
          0.4166666666666667,
          0.9199961288449441,
          0.002275110085971902,
          0.0,
          0.0,
          0.0,
          0.0,
          -6.7
        ],
        "sd": [
          1.0,
          1.0,
          1.0,
          1.0,
          1.0,
          1.0,
          1.0,
          0.16877221756556285,
          1.0,
          1.0,
          1.0,
          3.202385810129539,
          1.0,
          0.026448077989672858,
          0.004192251776364099,
          1.0,
          1.0,
          1.0,
          1.0,
          1.0
        ]
      },
      "n": 4769
    },
    "Woodbine|dirt|unk": {
      "w": [
        0.0,
        0.0,
        0.0,
        0.0,
        0.0,
        0.0,
        0.0,
        2.749802445820144e-16,
        0.0,
        0.0,
        0.0,
        -7.750458608534937e-16,
        0.0,
        1.5368490877131702e-15,
        1.2339476693514455e-16,
        0.0,
        0.0,
        0.0,
        0.0,
        0.0
      ],
      "b": -2.879168700049061,
      "stat": {
        "mu": [
          0.0,
          0.0,
          0.0,
          0.0,
          0.0,
          0.0,
          0.0,
          0.718939393939394,
          0.0,
          0.0,
          0.0,
          -32.27173400673401,
          0.4166666666666667,
          0.9259615384615385,
          0.0024191919191919194,
          0.0,
          0.0,
          0.0,
          0.0,
          -6.7
        ],
        "sd": [
          1.0,
          1.0,
          1.0,
          1.0,
          1.0,
          1.0,
          1.0,
          0.1825830921868031,
          1.0,
          1.0,
          1.0,
          5.797592636833904,
          1.0,
          0.02123866058593502,
          0.004282456030134543,
          1.0,
          1.0,
          1.0,
          1.0,
          1.0
        ]
      },
      "n": 3960
    },
    "Monmouth Park|dirt|unk": {
      "w": [
        0.0,
        0.0,
        0.0,
        0.0,
        0.0,
        0.0,
        0.0,
        4.0479446192256915e-16,
        0.0,
        0.0,
        0.0,
        -5.102732214229927e-16,
        0.0,
        -1.275859340222355e-15,
        3.2907252524960825e-17,
        0.0,
        0.0,
        0.0,
        0.0,
        0.0
      ],
      "b": -2.879168700049059,
      "stat": {
        "mu": [
          0.0,
          0.0,
          0.0,
          0.0,
          0.0,
          0.0,
          0.0,
          0.7671541574687271,
          0.0,
          0.0,
          0.0,
          -32.64466519499632,
          0.4166666666666667,
          0.9196956189505858,
          0.002177152317880795,
          0.0,
          0.0,
          0.0,
          0.0,
          -6.7
        ],
        "sd": [
          1.0,
          1.0,
          1.0,
          1.0,
          1.0,
          1.0,
          1.0,
          0.17154176579716998,
          1.0,
          1.0,
          1.0,
          4.82002898469417,
          1.0,
          0.01981567857392712,
          0.004126927545227107,
          1.0,
          1.0,
          1.0,
          1.0,
          1.0
        ]
      },
      "n": 3624
    },
    "Parx Racing|dirt|unk": {
      "w": [
        0.0,
        0.0,
        0.0,
        0.0,
        0.0,
        0.0,
        0.0,
        1.987709755595492e-17,
        0.0,
        0.0,
        0.0,
        -1.9977403277054956e-16,
        0.0,
        1.3711663868595304e-16,
        -3.851455078268392e-17,
        0.0,
        0.0,
        0.0,
        0.0,
        0.0
      ],
      "b": -2.879168700049059,
      "stat": {
        "mu": [
          0.0,
          0.0,
          0.0,
          0.0,
          0.0,
          0.0,
          0.0,
          0.6804755811473662,
          0.0,
          0.0,
          0.0,
          -25.01239070164214,
          0.4166666666666667,
          0.9308381317978247,
          0.0025879718490083173,
          0.0,
          0.0,
          0.0,
          0.0,
          -6.7
        ],
        "sd": [
          1.0,
          1.0,
          1.0,
          1.0,
          1.0,
          1.0,
          1.0,
          0.19188458192840466,
          1.0,
          1.0,
          1.0,
          31.708568544433493,
          1.0,
          0.024278380639954168,
          0.004379739740991883,
          1.0,
          1.0,
          1.0,
          1.0,
          1.0
        ]
      },
      "n": 3126
    },
    "Del Mar|dirt|unk": {
      "w": [
        0.0,
        0.0,
        0.0,
        0.0,
        0.0,
        0.0,
        0.0,
        2.123915952300918e-17,
        0.0,
        0.0,
        0.0,
        -2.193066789556857e-15,
        0.0,
        -1.3558312623993606e-15,
        -9.223269638998407e-17,
        0.0,
        0.0,
        0.0,
        0.0,
        0.0
      ],
      "b": -2.879168700049056,