{
  "buckets": {
    "Belmont at the Big A|dirt|unk": {
      "w": [
        0.0,
        0.0,
        0.0,
        0.0,
        0.0,
        0.0,
        0.0,
        -2.583218282238797e-16,
        0.0,
        0.0,
        0.0,
        2.936176450875142e-16,
        0.0,
        -1.96737168422504e-15,
        -4.702843579710491e-18,
        0.0,
        0.0,
        0.0,
        0.0,
        0.0
      ],
      "b": -2.8791687000490573,
      "stat": {
        "mu": [
          0.0,
          0.0,
          0.0,
          0.0,
          0.0,
          0.0,
          0.0,
          0.8583505866114561,
          0.0,
          0.0,
          0.0,
          -31.478761214630776,
          0.4166666666666667,
          0.9305502468545946,
          0.002308488612836439,
          0.0,
          0.0,
          0.0,
          0.0,
          -6.7
        ],
        "sd": [
          1.0,
          1.0,
          1.0,
          1.0,
          1.0,
          1.0,
          1.0,
          0.24994161899698347,
          1.0,
          1.0,
          1.0,
          6.225539327583356,
          1.0,
          0.025952539694938683,
          0.004213759183053641,
          1.0,
          1.0,
          1.0,
          1.0,
          1.0
        ]
      },
      "n": 1932
    },
    "Churchill Downs|dirt|unk": {
      "w": [
        0.0,
        0.0,
        0.0,
        0.0,
        0.0,
        0.0,
        0.0,
        -2.8507244114892766e-16,
        0.0,
        0.0,
        0.0,
        -2.572025176989304e-16,
        0.0,
        -1.358316034408823e-15,
        4.246320088993052e-18,
        0.0,
        0.0,
        0.0,
        0.0,
        0.0
      ],
      "b": -2.879168700049059,
      "stat": {
        "mu": [
          0.0,
          0.0,
          0.0,
          0.0,
          0.0,
          0.0,
          0.0,
          0.8657119136571191,
          0.0,
          0.0,
          0.0,
          -32.15396430053964,
          0.4166666666666667,
          0.9226865600153271,
          0.0020734744707347447,
          0.0,
          0.0,
          0.0,
          0.0,
          -6.7
        ],
        "sd": [
          1.0,
          1.0,
          1.0,
          1.0,
          1.0,
          1.0,
          1.0,
          0.23972727407179087,
          1.0,
          1.0,
          1.0,
          4.630196831219339,
          1.0,
          0.019238301143441605,
          0.004054065653952673,
          1.0,
          1.0,
          1.0,
          1.0,
          1.0
        ]
      },
      "n": 3212
    },
    "Gulfstream Park|dirt|unk": {
      "w": [
        0.0,
        0.0,
        0.0,
        0.0,
        0.0,
        0.0,
        0.0,
        3.6277333217756703e-16,
        0.0,
        0.0,
        0.0,
        1.2779395956387769e-15,
        0.0,
        1.6354542689288074e-15,
        5.1966923772686175e-17,
        0.0,
        0.0,
        0.0,
        0.0,
        0.0
      ],
      "b": -2.879168700049061,
      "stat": {
        "mu": [
          0.0,
          0.0,
          0.0,
          0.0,
          0.0,
          0.0,
          0.0,
          0.7321872116954085,
          0.0,
          0.0,
          0.0,
          -32.95465190547157,
          0.4166666666666667,
          0.9200455282422496,
          0.0022716627634660424,
          0.0,
          0.0,
          0.0,
          0.0,
          -6.7
        ],
        "sd": [
          1.0,
          1.0,
          1.0,
          1.0,
          1.0,
          1.0,
          1.0,
          0.16975786184640335,
          1.0,
          1.0,
          1.0,
          2.8103514992738954,
          1.0,
          0.02631572749364299,
          0.004190009060102644,
          1.0,
          1.0,
          1.0,
          1.0,
          1.0
        ]
      },
      "n": 4697
    },
    "Monmouth Park|dirt|unk": {
      "w": [
        0.0,
        0.0,
        0.0,
        0.0,
        0.0,
        0.0,
        0.0,
        4.0479446192256915e-16,
        0.0,
        0.0,
        0.0,
        -5.102732214229927e-16,
        0.0,
        -1.275859340222355e-15,
        3.2907252524960825e-17,
        0.0,
        0.0,
        0.0,
        0.0,
        0.0
      ],
      "b": -2.879168700049059,
      "stat": {
        "mu": [
          0.0,
          0.0,
          0.0,
          0.0,
          0.0,
          0.0,
          0.0,
          0.7671541574687271,
          0.0,
          0.0,
          0.0,
          -32.64466519499632,
          0.4166666666666667,
          0.9196956189505858,
          0.002177152317880795,
          0.0,
          0.0,
          0.0,
          0.0,
          -6.7
        ],
        "sd": [
          1.0,
          1.0,
          1.0,
          1.0,
          1.0,
          1.0,
          1.0,
          0.17154176579716998,
          1.0,
          1.0,
          1.0,
          4.82002898469417,
          1.0,
          0.01981567857392712,
          0.004126927545227107,
          1.0,
          1.0,
          1.0,
          1.0,
          1.0
        ]
      },
      "n": 3624
    },
    "Woodbine|dirt|unk": {
      "w": [
        0.0,
        0.0,
        0.0,
        0.0,
        0.0,
        0.0,
        0.0,
        -2.0822854557152004e-16,
        0.0,
        0.0,
        0.0,
        -3.6808524671447563e-16,
        0.0,
        -2.4386839145564623e-15,
        2.821962500347672e-17,
        0.0,
        0.0,
        0.0,
        0.0,
        0.0
      ],
      "b": -2.87916870004906,
      "stat": {
        "mu": [
          0.0,
          0.0,
          0.0,
          0.0,
          0.0,
          0.0,
          0.0,
          0.7207811568276684,
          0.0,
          0.0,
          0.0,
          -32.332132208876395,
          0.4166666666666667,
          0.9259608012738603,
          0.002412471249680552,
          0.0,
          0.0,
          0.0,
          0.0,
          -6.7
        ],
        "sd": [
          1.0,
          1.0,
          1.0,
          1.0,
          1.0,
          1.0,
          1.0,
          0.18278082847208135,
          1.0,
          1.0,
          1.0,
          5.617984487359677,
          1.0,
          0.021249759093373174,
          0.004278398645085598,
          1.0,
          1.0,
          1.0,
          1.0,
          1.0
        ]
      },
      "n": 3913
    },
    "Parx Racing|dirt|unk": {
      "w": [
        0.0,
        0.0,
        0.0,
        0.0,
        0.0,
        0.0,
        0.0,
        6.94605819145848e-17,
        0.0,
        0.0,
        0.0,
        5.363580034911016e-17,
        0.0,
        1.2255599758679765e-16,
        -6.277098697046185e-17,
        0.0,
        0.0,
        0.0,
        0.0,
        0.0
      ],
      "b": -2.879168700049059,
      "stat": {
        "mu": [
          0.0,
          0.0,
          0.0,
          0.0,
          0.0,
          0.0,
          0.0,
          0.6804755811473662,
          0.0,
          0.0,
          0.0,
          -25.128716144167196,
          0.4166666666666667,
          0.9308381317978247,
          0.0025879718490083173,
          0.0,
          0.0,
          0.0,
          0.0,
          -6.7
        ],
        "sd": [
          1.0,
          1.0,
          1.0,
          1.0,
          1.0,
          1.0,
          1.0,
          0.19188458192840466,
          1.0,
          1.0,
          1.0,
          31.671811184985433,
          1.0,
          0.024278380639954168,
          0.004379739740991883,
          1.0,
          1.0,
          1.0,
          1.0,
          1.0
        ]
      },
      "n": 3126
    },
    "Del Mar|dirt|unk": {
      "w": [
        0.0,
        0.0,
        0.0,
        0.0,
        0.0,
        0.0,
        0.0,
        2.123915952300918e-17,
        0.0,
        0.0,
        0.0,
        -2.193066789556857e-15,
        0.0,
        -1.3558312623993606e-15,
        -9.223269638998407e-17,
        0.0,
        0.0,
        0.0,
        0.0,
        0.0
      ],