{
  "buckets": {
    "Belmont at the Big A|dirt|unk": {
      "w": [
        0.0,
        0.0,
        0.0,
        0.0,
        0.0,
        0.0,
        0.0,
        -2.9953011396869885e-16,
        0.0,
        0.0,
        0.0,
        0.0,
        0.0,
        -1.684078248243255e-15,
        5.452423557925711e-17,
        0.0,
        0.0,
        0.0,
        0.0,
        0.0
      ],
      "b": -2.879168700049062,
      "stat": {
        "mu": [
          0.0,
          0.0,
          0.0,
          0.0,
          0.0,
          0.0,
          0.0,
          0.8491119568664763,
          0.0,
          0.0,
          0.0,
          -33.3,
          0.4166666666666667,
          0.9312449681621898,
          0.0022169362511893437,
          0.0,
          0.0,
          0.0,
          0.0,
          -6.7
        ],
        "sd": [
          1.0,
          1.0,
          1.0,
          1.0,
          1.0,
          1.0,
          1.0,
          0.22926947708242598,
          1.0,
          1.0,
          1.0,
          1.0,
          1.0,
          0.02663529131712737,
          0.004153860393664666,
          1.0,
          1.0,
          1.0,
          1.0,
          1.0
        ]
      },
      "n": 1051
    },
    "Churchill Downs|dirt|unk": {
      "w": [
        0.0,
        0.0,
        0.0,
        0.0,
        0.0,
        0.0,
        0.0,
        3.4239786083576736e-16,
        0.0,
        0.0,
        0.0,
        -3.38224457369852e-16,
        0.0,
        3.407778099607771e-15,
        -2.4799786850048048e-17,
        0.0,
        0.0,
        0.0,
        0.0,
        0.0
      ],
      "b": -2.879168700049062,
      "stat": {
        "mu": [
          0.0,
          0.0,
          0.0,
          0.0,
          0.0,
          0.0,
          0.0,
          0.9048137397194,
          0.0,
          0.0,
          0.0,
          -32.160812772133525,
          0.4166666666666667,
          0.9230769230769231,
          0.001988388969521045,
          0.0,
          0.0,
          0.0,
          0.0,
          -6.7
        ],
        "sd": [
          1.0,
          1.0,
          1.0,
          1.0,
          1.0,
          1.0,
          1.0,
          0.25138827884839865,
          1.0,
          1.0,
          1.0,
          6.275713722691411,
          1.0,
          0.015139841329281516,
          0.003991265338347913,
          1.0,
          1.0,
          1.0,
          1.0,
          1.0
        ]
      },
      "n": 1378
    },
    "Gulfstream Park|dirt|unk": {
      "w": [
        0.0,
        0.0,
        0.0,
        0.0,
        0.0,
        0.0,
        0.0,
        -9.918111308055492e-17,
        0.0,
        0.0,
        0.0,
        0.0,
        0.0,
        -5.661046811899097e-16,
        6.60242633574334e-17,
        0.0,
        0.0,
        0.0,
        0.0,
        0.0
      ],
      "b": -2.8791687000490587,
      "stat": {
        "mu": [
          0.0,
          0.0,
          0.0,
          0.0,
          0.0,
          0.0,
          0.0,
          0.7342767295597484,
          0.0,
          0.0,
          0.0,
          -33.3,
          0.4166666666666667,
          0.9208883359826756,
          0.0022461814914645105,
          0.0,
          0.0,
          0.0,
          0.0,
          -6.7
        ],
        "sd": [
          1.0,
          1.0,
          1.0,
          1.0,
          1.0,
          1.0,
          1.0,
          0.17037608656171058,
          1.0,
          1.0,
          1.0,
          1.0,
          1.0,
          0.02517853319193432,
          0.004173306078164813,
          1.0,
          1.0,
          1.0,
          1.0,
          1.0
        ]
      },
      "n": 3339
    },
    "Woodbine|dirt|unk": {
      "w": [
        0.0,
        0.0,
        0.0,
        0.0,
        0.0,
        0.0,
        0.0,
        2.9856433370674855e-16,
        0.0,
        0.0,
        0.0,
        7.632949837247828e-16,
        0.0,
        -1.0200668605125285e-15,
        3.892039908444701e-17,
        0.0,
        0.0,
        0.0,
        0.0,
        0.0
      ],
      "b": -2.8791687000490596,
      "stat": {
        "mu": [
          0.0,
          0.0,
          0.0,
          0.0,
          0.0,
          0.0,
          0.0,
          0.7263030685161833,
          0.0,
          0.0,
          0.0,
          -32.89059478772593,
          0.4166666666666667,
          0.9258414977204384,
          0.0023959646910466583,
          0.0,
          0.0,
          0.0,
          0.0,
          -6.7
        ],
        "sd": [
          1.0,
          1.0,
          1.0,
          1.0,
          1.0,
          1.0,
          1.0,
          0.18586552563495998,
          1.0,
          1.0,
          1.0,
          3.1220835891094123,
          1.0,
          0.02089120817200607,
          0.0042683720678643134,
          1.0,
          1.0,
          1.0,
          1.0,
          1.0
        ]
      },
      "n": 3172
    },
    "Monmouth Park|dirt|unk": {
      "w": [
        0.0,
        0.0,
        0.0,
        0.0,
        0.0,
        0.0,
        0.0,
        2.858706784115901e-16,
        0.0,
        0.0,
        0.0,
        -1.594886890141027e-16,
        0.0,
        -1.233639181970667e-15,
        6.032390457392585e-18,
        0.0,
        0.0,
        0.0,
        0.0,
        0.0
      ],
      "b": -2.879168700049055,
      "stat": {
        "mu": [
          0.0,
          0.0,
          0.0,
          0.0,
          0.0,
          0.0,
          0.0,
          0.7570404984423676,
          0.0,
          0.0,
          0.0,
          -32.41217445482866,
          0.4166666666666667,
          0.9189734004313443,
          0.002205607476635514,
          0.0,
          0.0,
          0.0,
          0.0,
          -6.7
        ],
        "sd": [
          1.0,
          1.0,
          1.0,
          1.0,
          1.0,
          1.0,
          1.0,
          0.1613393623540736,
          1.0,
          1.0,
          1.0,
          5.591819130725645,
          1.0,
          0.020309911820205594,
          0.004146247752530553,
          1.0,
          1.0,
          1.0,
          1.0,
          1.0
        ]
      },
      "n": 2675
    },
    "Parx Racing|dirt|unk": {
      "w": [
        0.0,
        0.0,
        0.0,
        0.0,
        0.0,
        0.0,
        0.0,
        -1.6372282300460233e-16,
        0.0,
        0.0,
        0.0,
        -8.730411056037907e-17,
        0.0,
        -2.5023819134803907e-16,
        -3.1400155611024706e-17,
        0.0,
        0.0,
        0.0,
        0.0,
        0.0
      ],
      "b": -2.879168700049056,
      "stat": {
        "mu": [
          0.0,
          0.0,
          0.0,
          0.0,
          0.0,
          0.0,
          0.0,
          0.7026378896882494,
          0.0,
          0.0,
          0.0,
          -32.41550759392486,
          0.4166666666666667,
          0.9301051466519092,
          0.002513988808952838,
          0.0,
          0.0,
          0.0,
          0.0,
          -6.7
        ],
        "sd": [
          1.0,
          1.0,
          1.0,
          1.0,
          1.0,
          1.0,
          1.0,
          0.20315515833110856,
          1.0,
          1.0,
          1.0,
          4.616950569187183,
          1.0,
          0.024560979755927196,
          0.00433817338957173,
          1.0,
          1.0,
          1.0,
          1.0,
          1.0
        ]
      },
      "n": 2502
    },
    "Del Mar|dirt|unk": {
      "w": [
        0.0,
        0.0,
        0.0,
        0.0,
        0.0,
        0.0,
        0.0,
        2.123915952300918e-17,
        0.0,
        0.0,
        0.0,
        -2.193066789556857e-15,
        0.0,
        -1.3558312623993606e-15,
        -9.223269638998407e-17,
        0.0,
        0.0,
        0.0,
        0.0,
        0.0
      ],
      "b": -2.879168700049056,