{
  "buckets": {
    "Belmont at the Big A|dirt|unk": {
      "w": [
        0.0,
        0.0,
        0.0,
        0.0,
        0.0,
        0.0,
        0.0,
        -3.6269350735456777e-16,
        0.0,
        0.0,
        0.0,
        -8.008023944533693e-17,
        0.0,
        -1.101902986528198e-15,
        -3.2946873317733356e-17,
        0.0,
        0.0,
        0.0,
        0.0,
        0.0
      ],
      "b": -2.879168700049057,
      "stat": {
        "mu": [
          0.0,
          0.0,
          0.0,
          0.0,
          0.0,
          0.0,
          0.0,
          0.861111111111111,
          0.0,
          0.0,
          0.0,
          -32.20941312232113,
          0.4166666666666667,
          0.9302860838469147,
          0.002294757665677547,
          0.0,
          0.0,
          0.0,
          0.0,
          -6.7
        ],
        "sd": [
          1.0,
          1.0,
          1.0,
          1.0,
          1.0,
          1.0,
          1.0,
          0.2514747504894166,
          1.0,
          1.0,
          1.0,
          4.0678576081219076,
          1.0,
          0.025670885324913087,
          0.004204957064297994,
          1.0,
          1.0,
          1.0,
          1.0,
          1.0
        ]
      },
      "n": 2022
    },
    "Churchill Downs|dirt|unk": {
      "w": [
        0.0,
        0.0,
        0.0,
        0.0,
        0.0,
        0.0,
        0.0,
        -3.139379561217257e-16,
        0.0,
        0.0,
        0.0,
        6.943479905022619e-17,
        0.0,
        -2.6040604907378053e-15,
        -6.173377470564902e-17,
        0.0,
        0.0,
        0.0,
        0.0,
        0.0
      ],
      "b": -2.879168700049059,
      "stat": {
        "mu": [
          0.0,
          0.0,
          0.0,
          0.0,
          0.0,
          0.0,
          0.0,
          0.8666969513426206,
          0.0,
          0.0,
          0.0,
          -32.42539874823339,
          0.4166666666666667,
          0.9227065181941014,
          0.002071471835251363,
          0.0,
          0.0,
          0.0,
          0.0,
          -6.7
        ],
        "sd": [
          1.0,
          1.0,
          1.0,
          1.0,
          1.0,
          1.0,
          1.0,
          0.2399588578780046,
          1.0,
          1.0,
          1.0,
          3.6169251891218215,
          1.0,
          0.01912229750600558,
          0.004052619250345877,
          1.0,
          1.0,
          1.0,
          1.0,
          1.0
        ]
      },
      "n": 3302
    },
    "Gulfstream Park|dirt|unk": {
      "w": [
        0.0,
        0.0,
        0.0,
        0.0,
        0.0,
        0.0,
        0.0,
        1.1552351497219232e-16,
        0.0,
        0.0,
        0.0,
        -1.2743914425245798e-15,
        0.0,
        2.6538167973929516e-16,
        9.730552433764028e-17,
        0.0,
        0.0,
        0.0,
        0.0,
        0.0
      ],
      "b": -2.8791687000490613,
      "stat": {
        "mu": [
          0.0,
          0.0,
          0.0,
          0.0,
          0.0,
          0.0,
          0.0,
          0.7314814814814815,
          0.0,
          0.0,
          0.0,
          -33.09099532677687,
          0.4166666666666667,
          0.9200186714311008,
          0.0022745344214270768,
          0.0,
          0.0,
          0.0,
          0.0,
          -6.7
        ],
        "sd": [
          1.0,
          1.0,
          1.0,
          1.0,
          1.0,
          1.0,
          1.0,
          0.16863419799796475,
          1.0,
          1.0,
          1.0,
          1.8218666080440054,
          1.0,
          0.02622650223406503,
          0.004191877548308653,
          1.0,
          1.0,
          1.0,
          1.0,
          1.0
        ]
      },
      "n": 4779
    },
    "Monmouth Park|dirt|unk": {
      "w": [
        0.0,
        0.0,
        0.0,
        0.0,
        0.0,
        0.0,
        0.0,
        4.0479446192256915e-16,
        0.0,
        0.0,
        0.0,
        -5.102732214229927e-16,
        0.0,
        -1.275859340222355e-15,
        3.2907252524960825e-17,
        0.0,
        0.0,
        0.0,
        0.0,
        0.0
      ],
      "b": -2.879168700049059,
      "stat": {
        "mu": [
          0.0,
          0.0,
          0.0,
          0.0,
          0.0,
          0.0,
          0.0,
          0.7671541574687271,
          0.0,
          0.0,
          0.0,
          -32.64466519499632,
          0.4166666666666667,
          0.9196956189505858,
          0.002177152317880795,
          0.0,
          0.0,
          0.0,
          0.0,
          -6.7
        ],
        "sd": [
          1.0,
          1.0,
          1.0,
          1.0,
          1.0,
          1.0,
          1.0,
          0.17154176579716998,
          1.0,
          1.0,
          1.0,
          4.82002898469417,
          1.0,
          0.01981567857392712,
          0.004126927545227107,
          1.0,
          1.0,
          1.0,
          1.0,
          1.0
        ]
      },
      "n": 3624
    },
    "Woodbine|dirt|unk": {
      "w": [
        0.0,
        0.0,
        0.0,
        0.0,
        0.0,
        0.0,
        0.0,
        1.4347862921943417e-17,
        0.0,
        0.0,
        0.0,
        1.7698457492936742e-16,
        0.0,
        -1.5097204931337718e-15,
        6.630663470441383e-17,
        0.0,
        0.0,
        0.0,
        0.0,
        0.0
      ],
      "b": -2.879168700049061,
      "stat": {
        "mu": [
          0.0,
          0.0,
          0.0,
          0.0,
          0.0,
          0.0,
          0.0,
          0.7188050314465408,
          0.0,
          0.0,
          0.0,
          -32.42436058700209,
          0.4166666666666667,
          0.9259990324141267,
          0.0024201257861635223,
          0.0,
          0.0,
          0.0,
          0.0,
          -6.7
        ],
        "sd": [
          1.0,
          1.0,
          1.0,
          1.0,
          1.0,
          1.0,
          1.0,
          0.18263628992663158,
          1.0,
          1.0,
          1.0,
          5.347639250689186,
          1.0,
          0.021207067653588377,
          0.004283018683216502,
          1.0,
          1.0,
          1.0,
          1.0,
          1.0
        ]
      },
      "n": 3975
    },
    "Parx Racing|dirt|unk": {
      "w": [
        0.0,
        0.0,
        0.0,
        0.0,
        0.0,
        0.0,
        0.0,
        8.765869585565572e-17,
        0.0,
        0.0,
        0.0,
        7.710053779781692e-17,
        0.0,
        1.1911147305634465e-16,
        -5.726704446238832e-17,
        0.0,
        0.0,
        0.0,
        0.0,
        0.0
      ],
      "b": -2.879168700049059,
      "stat": {
        "mu": [
          0.0,
          0.0,
          0.0,
          0.0,
          0.0,
          0.0,
          0.0,
          0.6804755811473662,
          0.0,
          0.0,
          0.0,
          -25.476231605886113,
          0.4166666666666667,
          0.9308381317978247,
          0.0025879718490083173,
          0.0,
          0.0,
          0.0,
          0.0,
          -6.7
        ],
        "sd": [
          1.0,
          1.0,
          1.0,
          1.0,
          1.0,
          1.0,
          1.0,
          0.19188458192840466,
          1.0,
          1.0,
          1.0,
          31.567015048059098,
          1.0,
          0.024278380639954168,
          0.004379739740991883,
          1.0,
          1.0,
          1.0,
          1.0,
          1.0
        ]
      },
      "n": 3126
    },
    "Del Mar|dirt|unk": {
      "w": [
        0.0,
        0.0,
        0.0,
        0.0,
        0.0,
        0.0,
        0.0,
        2.123915952300918e-17,
        0.0,
        0.0,
        0.0,
        -2.193066789556857e-15,
        0.0,
        -1.3558312623993606e-15,
        -9.223269638998407e-17,
        0.0,
        0.0,
        0.0,
        0.0,
        0.0
      ],