{
  "buckets": {
    "Parx Racing|dirt|unk": {
      "w": [
        0.0,
        0.0,
        0.0,
        0.0,
        0.0,
        0.0,
        0.0,
        0.08386005843448023,
        0.0,
        0.0,
        0.0,
        -0.050907945609033334,
        0.0,
        0.00920562763126886,
        -0.008674501643761972,
        0.0,
        0.0,
        0.0,
        0.0,
        0.0
      ],
      "b": -1.9575708058943126,
      "stat": {
        "mu": [
          0.0,
          0.0,
          0.0,
          0.0,
          0.0,
          0.0,
          0.0,
          0.725485792987814,
          0.0,
          0.0,
          0.0,
          -30.73316865774424,
          0.4166666666666667,
          0.9320101707328869,
          0.0024351028473906405,
          0.0,
          0.0,
          0.0,
          0.0,
          -6.7
        ],
        "sd": [
          1.0,
          1.0,
          1.0,
          1.0,
          1.0,
          1.0,
          1.0,
          0.19139313223848733,
          1.0,
          1.0,
          1.0,
          17.207572692672855,
          1.0,
          0.02286559277077041,
          0.004292004496332267,
          1.0,
          1.0,
          1.0,
          1.0,
          1.0
        ]
      },
      "n": 11133
    },
    "Woodbine|dirt|unk": {
      "w": [
        0.0,
        0.0,
        0.0,
        0.0,
        0.0,
        0.0,
        0.0,
        0.08534449617703067,
        0.0,
        0.0,
        0.0,
        -0.044298982769139815,
        0.0,
        0.01610186944591848,
        -0.007746737077592424,
        0.0,
        0.0,
        0.0,
        0.0,
        0.0
      ],
      "b": -2.107576048865482,
      "stat": {
        "mu": [
          0.0,
          0.0,
          0.0,
          0.0,
          0.0,
          0.0,
          0.0,
          0.7515317470309287,
          0.0,
          0.0,
          0.0,
          -32.751517059045696,
          0.4166666666666667,
          0.926576860128415,
          0.0023316127407780438,
          0.0,
          0.0,
          0.0,
          0.0,
          -6.7
        ],
        "sd": [
          1.0,
          1.0,
          1.0,
          1.0,
          1.0,
          1.0,
          1.0,
          0.1859075856927833,
          1.0,
          1.0,
          1.0,
          4.0199264692325025,
          1.0,
          0.02066877047780017,
          0.00422844054408028,
          1.0,
          1.0,
          1.0,
          1.0,
          1.0
        ]
      },
      "n": 7943
    },
    "Gulfstream Park|dirt|unk": {
      "w": [
        0.0,
        0.0,
        0.0,
        0.0,
        0.0,
        0.0,
        0.0,
        0.07976712599265884,
        0.0,
        0.0,
        0.0,
        -0.016010239191459722,
        0.0,
        0.009333862846168214,
        -0.005508729713119493,
        0.0,
        0.0,
        0.0,
        0.0,
        0.0
      ],
      "b": -1.9550325285791585,
      "stat": {
        "mu": [
          0.0,
          0.0,
          0.0,
          0.0,
          0.0,
          0.0,
          0.0,
          0.7816129286248573,
          0.0,
          0.0,
          0.0,
          -33.02059170898783,
          0.4166666666666667,
          0.9206012482851977,
          0.002216251328687847,
          0.0,
          0.0,
          0.0,
          0.0,
          -6.7
        ],
        "sd": [
          1.0,
          1.0,
          1.0,
          1.0,
          1.0,
          1.0,
          1.0,
          0.19947972283506005,
          1.0,
          1.0,
          1.0,
          2.740934030892178,
          1.0,
          0.022648368170276715,
          0.004153401417509247,
          1.0,
          1.0,
          1.0,
          1.0,
          1.0
        ]
      },
      "n": 16934
    },
    "Santa Anita|dirt|unk": {
      "w": [
        0.0,
        0.0,
        0.0,
        0.0,
        0.0,
        0.0,
        0.0,
        0.029399552804579395,
        0.0,
        0.0,
        0.0,
        -0.06464071397160236,
        0.0,
        -0.021945598141347285,
        -0.003375695204946152,
        0.0,
        0.0,
        0.0,
        0.0,
        0.0
      ],
      "b": -1.7906657654763962,
      "stat": {
        "mu": [
          0.0,
          0.0,
          0.0,
          0.0,
          0.0,
          0.0,
          0.0,
          0.7336003051106026,
          0.0,
          0.0,
          0.0,
          -32.627443609022556,
          0.4166666666666667,
          0.9392850856237585,
          0.002374959136972867,
          0.0,
          0.0,
          0.0,
          0.0,
          -6.7
        ],
        "sd": [
          1.0,
          1.0,
          1.0,
          1.0,
          1.0,
          1.0,
          1.0,
          0.18983039653089165,
          1.0,
          1.0,
          1.0,
          3.8994030513416313,
          1.0,
          0.019910625806982035,
          0.004255485926123803,
          1.0,
          1.0,
          1.0,
          1.0,
          1.0
        ]
      },
      "n": 6118
    },
    "Keeneland|dirt|unk": {
      "w": [
        0.0,
        0.0,
        0.0,
        0.0,
        0.0,
        0.0,
        0.0,
        0.00817288873055516,
        0.0,
        0.0,
        0.0,
        -0.015834187263679595,
        0.0,
        0.01569046794557123,
        -0.0015487838357496305,
        0.0,
        0.0,
        0.0,
        0.0,
        0.0
      ],
      "b": -1.7442472010705519,
      "stat": {
        "mu": [
          0.0,
          0.0,
          0.0,
          0.0,
          0.0,
          0.0,
          0.0,
          1.0284139707987403,
          0.0,
          0.0,
          0.0,
          -33.22544135890829,
          0.4166666666666667,
          0.9219009447466361,
          0.0017406241053535643,
          0.0,
          0.0,
          0.0,
          0.0,
          -6.7
        ],
        "sd": [
          1.0,
          1.0,
          1.0,
          1.0,
          1.0,
          1.0,
          1.0,
          0.25225589185861275,
          1.0,
          1.0,
          1.0,
          1.2198766818449693,
          1.0,
          0.01835787381008085,
          0.003791631413705418,
          1.0,
          1.0,
          1.0,
          1.0,
          1.0
        ]
      },
      "n": 3493
    },
    "Del Mar|dirt|unk": {
      "w": [
        0.0,
        0.0,
        0.0,
        0.0,
        0.0,
        0.0,
        0.0,
        -0.04446219608345639,
        0.0,
        0.0,
        0.0,
        -0.014347904628681827,
        0.0,
        -0.014172066281124362,
        0.0020904087902613266,
        0.0,
        0.0,
        0.0,
        0.0,
        0.0
      ],
      "b": -2.4389035794387808,
      "stat": {
        "mu": [
          0.0,
          0.0,
          0.0,
          0.0,
          0.0,
          0.0,
          0.0,
          0.8670264965652601,
          0.0,
          0.0,
          0.0,
          -33.22958783120706,
          0.4166666666666667,
          0.9339605193628746,
          0.002087831207065751,
          0.0,
          0.0,
          0.0,
          0.0,
          -6.7
        ],
        "sd": [
          1.0,
          1.0,
          1.0,
          1.0,
          1.0,
          1.0,
          1.0,
          0.23308437172893803,
          1.0,
          1.0,
          1.0,
          1.4198138507716733,
          1.0,
          0.016844669611035444,
          0.004064390842606046,
          1.0,
          1.0,
          1.0,
          1.0,
          1.0
        ]
      },
      "n": 4076
    },
    "Belmont at the Big A|dirt|unk": {
      "w": [
        0.0,
        0.0,
        0.0,
        0.0,
        0.0,
        0.0,
        0.0,
        0.012475651693635608,
        0.0,
        0.0,
        0.0,
        -0.006634653406768829,
        0.0,
        0.003015808188511848,
        -0.001794155283678637,
        0.0,
        0.0,
        0.0,
        0.0,
        0.0
      ],
      "b": -2.3081537289676093,