{
  "buckets": {
    "Belmont at the Big A|dirt|unk": {
      "w": [
        0.0,
        0.0,
        0.0,
        0.0,
        0.0,
        0.0,
        0.0,
        -2.9953011396869885e-16,
        0.0,
        0.0,
        0.0,
        0.0,
        0.0,
        -1.684078248243255e-15,
        5.452423557925711e-17,
        0.0,
        0.0,
        0.0,
        0.0,
        0.0
      ],
      "b": -2.879168700049062,
      "stat": {
        "mu": [
          0.0,
          0.0,
          0.0,
          0.0,
          0.0,
          0.0,
          0.0,
          0.8491119568664763,
          0.0,
          0.0,
          0.0,
          -33.3,
          0.4166666666666667,
          0.9312449681621898,
          0.0022169362511893437,
          0.0,
          0.0,
          0.0,
          0.0,
          -6.7
        ],
        "sd": [
          1.0,
          1.0,
          1.0,
          1.0,
          1.0,
          1.0,
          1.0,
          0.22926947708242598,
          1.0,
          1.0,
          1.0,
          1.0,
          1.0,
          0.02663529131712737,
          0.004153860393664666,
          1.0,
          1.0,
          1.0,
          1.0,
          1.0
        ]
      },
      "n": 1051
    },
    "Churchill Downs|dirt|unk": {
      "w": [
        0.0,
        0.0,
        0.0,
        0.0,
        0.0,
        0.0,
        0.0,
        2.7667316785969413e-16,
        0.0,
        0.0,
        0.0,
        0.0,
        0.0,
        1.9455233815076e-15,
        2.893032647137858e-17,
        0.0,
        0.0,
        0.0,
        0.0,
        0.0
      ],
      "b": -2.879168700049062,
      "stat": {
        "mu": [
          0.0,
          0.0,
          0.0,
          0.0,
          0.0,
          0.0,
          0.0,
          0.9054001554001554,
          0.0,
          0.0,
          0.0,
          -33.3,
          0.4166666666666667,
          0.9227302611917997,
          0.001989121989121989,
          0.0,
          0.0,
          0.0,
          0.0,
          -6.7
        ],
        "sd": [
          1.0,
          1.0,
          1.0,
          1.0,
          1.0,
          1.0,
          1.0,
          0.2525497567454688,
          1.0,
          1.0,
          1.0,
          1.0,
          1.0,
          0.015133607969900178,
          0.003991818332992031,
          1.0,
          1.0,
          1.0,
          1.0,
          1.0
        ]
      },
      "n": 1287
    },
    "Gulfstream Park|dirt|unk": {
      "w": [
        0.0,
        0.0,
        0.0,
        0.0,
        0.0,
        0.0,
        0.0,
        2.9010483935219545e-16,
        0.0,
        0.0,
        0.0,
        0.0,
        0.0,
        1.840522296507195e-15,
        4.327251964837122e-17,
        0.0,
        0.0,
        0.0,
        0.0,
        0.0
      ],
      "b": -2.8791687000490587,
      "stat": {
        "mu": [
          0.0,
          0.0,
          0.0,
          0.0,
          0.0,
          0.0,
          0.0,
          0.7361408335880975,
          0.0,
          0.0,
          0.0,
          -33.3,
          0.4166666666666667,
          0.9208757613526798,
          0.002240904922042189,
          0.0,
          0.0,
          0.0,
          0.0,
          -6.7
        ],
        "sd": [
          1.0,
          1.0,
          1.0,
          1.0,
          1.0,
          1.0,
          1.0,
          0.17103919452429395,
          1.0,
          1.0,
          1.0,
          1.0,
          1.0,
          0.02518176543978496,
          0.004169819462613337,
          1.0,
          1.0,
          1.0,
          1.0,
          1.0
        ]
      },
      "n": 3271
    },
    "Woodbine|dirt|unk": {
      "w": [
        0.0,
        0.0,
        0.0,
        0.0,
        0.0,
        0.0,
        0.0,
        -1.4738018626076712e-16,
        0.0,
        0.0,
        0.0,
        6.191685000219079e-16,
        0.0,
        8.732786474717743e-17,
        8.753780659481273e-17,
        0.0,
        0.0,
        0.0,
        0.0,
        0.0
      ],
      "b": -2.8791687000490587,
      "stat": {
        "mu": [
          0.0,
          0.0,
          0.0,
          0.0,
          0.0,
          0.0,
          0.0,
          0.7247703943814154,
          0.0,
          0.0,
          0.0,
          -32.8790491626148,
          0.4166666666666667,
          0.925909487595063,
          0.00240194489465154,
          0.0,
          0.0,
          0.0,
          0.0,
          -6.7
        ],
        "sd": [
          1.0,
          1.0,
          1.0,
          1.0,
          1.0,
          1.0,
          1.0,
          0.18472670847944628,
          1.0,
          1.0,
          1.0,
          3.1650327206998625,
          1.0,
          0.020959540741741167,
          0.004272014708492095,
          1.0,
          1.0,
          1.0,
          1.0,
          1.0
        ]
      },
      "n": 3085
    },
    "Monmouth Park|dirt|unk": {
      "w": [
        0.0,
        0.0,
        0.0,
        0.0,
        0.0,
        0.0,
        0.0,
        4.570902544430215e-17,
        0.0,
        0.0,
        0.0,
        -1.973165577082234e-16,
        0.0,
        2.0331737768197774e-15,
        3.844346155253505e-17,
        0.0,
        0.0,
        0.0,
        0.0,
        0.0
      ],
      "b": -2.879168700049056,
      "stat": {
        "mu": [
          0.0,
          0.0,
          0.0,
          0.0,
          0.0,
          0.0,
          0.0,
          0.758198821419421,
          0.0,
          0.0,
          0.0,
          -32.38726620548296,
          0.4166666666666667,
          0.9191391237509609,
          0.002202152190622598,
          0.0,
          0.0,
          0.0,
          0.0,
          -6.7
        ],
        "sd": [
          1.0,
          1.0,
          1.0,
          1.0,
          1.0,
          1.0,
          1.0,
          0.16073891347208943,
          1.0,
          1.0,
          1.0,
          5.667711478420243,
          1.0,
          0.020353123508999895,
          0.0041439169436129,
          1.0,
          1.0,
          1.0,
          1.0,
          1.0
        ]
      },
      "n": 2602
    },
    "Parx Racing|dirt|unk": {
      "w": [
        0.0,
        0.0,
        0.0,
        0.0,
        0.0,
        0.0,
        0.0,
        4.790329334784242e-16,
        0.0,
        0.0,
        0.0,
        1.4966605623544956e-15,
        0.0,
        -1.4599962487639646e-15,
        4.567806387048054e-17,
        0.0,
        0.0,
        0.0,
        0.0,
        0.0
      ],
      "b": -2.8791687000490565,
      "stat": {
        "mu": [
          0.0,
          0.0,
          0.0,
          0.0,
          0.0,
          0.0,
          0.0,
          0.705446221128878,
          0.0,
          0.0,
          0.0,
          -32.834782014486805,
          0.4166666666666667,
          0.9299933768568455,
          0.0025051250512505125,
          0.0,
          0.0,
          0.0,
          0.0,
          -6.7
        ],
        "sd": [
          1.0,
          1.0,
          1.0,
          1.0,
          1.0,
          1.0,
          1.0,
          0.20457573777052215,
          1.0,
          1.0,
          1.0,
          2.656997588744607,
          1.0,
          0.024610371505106032,
          0.004333081927462512,
          1.0,
          1.0,
          1.0,
          1.0,
          1.0
        ]
      },
      "n": 2439
    },
    "Del Mar|dirt|unk": {
      "w": [
        0.0,
        0.0,
        0.0,
        0.0,
        0.0,
        0.0,
        0.0,
        2.123915952300918e-17,
        0.0,
        0.0,
        0.0,
        -2.193066789556857e-15,
        0.0,
        -1.3558312623993606e-15,
        -9.223269638998407e-17,
        0.0,
        0.0,
        0.0,
        0.0,
        0.0
      ],
      "b": -2.879168700049056,