{
  "buckets": {
    "Belmont at the Big A|dirt|unk": {
      "w": [
        0.0,
        0.0,
        0.0,
        0.0,
        0.0,
        0.0,
        0.0,
        -5.420661705466515e-17,
        0.0,
        0.0,
        0.0,
        6.246088556992795e-16,
        0.0,
        6.276045533815163e-16,
        -7.196319993380145e-18,
        0.0,
        0.0,
        0.0,
        0.0,
        0.0
      ],
      "b": -2.879168700049058,
      "stat": {
        "mu": [
          0.0,
          0.0,
          0.0,
          0.0,
          0.0,
          0.0,
          0.0,
          0.8577265973254086,
          0.0,
          0.0,
          0.0,
          -32.207792636618784,
          0.4166666666666667,
          0.930578732807559,
          0.0023130262506191185,
          0.0,
          0.0,
          0.0,
          0.0,
          -6.7
        ],
        "sd": [
          1.0,
          1.0,
          1.0,
          1.0,
          1.0,
          1.0,
          1.0,
          0.24714262583489804,
          1.0,
          1.0,
          1.0,
          4.070661276680675,
          1.0,
          0.026027544582403337,
          0.004216654132145302,
          1.0,
          1.0,
          1.0,
          1.0,
          1.0
        ]
      },
      "n": 2019
    },
    "Churchill Downs|dirt|unk": {
      "w": [
        0.0,
        0.0,
        0.0,
        0.0,
        0.0,
        0.0,
        0.0,
        1.3484120412190262e-16,
        0.0,
        0.0,
        0.0,
        1.064434107751358e-15,
        0.0,
        1.8757348649330037e-15,
        9.485534738858243e-17,
        0.0,
        0.0,
        0.0,
        0.0,
        0.0
      ],
      "b": -2.879168700049059,
      "stat": {
        "mu": [
          0.0,
          0.0,
          0.0,
          0.0,
          0.0,
          0.0,
          0.0,
          0.8625468734164387,
          0.0,
          0.0,
          0.0,
          -32.42194182628965,
          0.4166666666666667,
          0.9226886825549033,
          0.002079659470963819,
          0.0,
          0.0,
          0.0,
          0.0,
          -6.7
        ],
        "sd": [
          1.0,
          1.0,
          1.0,
          1.0,
          1.0,
          1.0,
          1.0,
          0.23841348154681896,
          1.0,
          1.0,
          1.0,
          3.6236474082476877,
          1.0,
          0.01929398677643859,
          0.004058523277556589,
          1.0,
          1.0,
          1.0,
          1.0,
          1.0
        ]
      },
      "n": 3289
    },
    "Gulfstream Park|dirt|unk": {
      "w": [
        0.0,
        0.0,
        0.0,
        0.0,
        0.0,
        0.0,
        0.0,
        -1.9008826889847828e-16,
        0.0,
        0.0,
        0.0,
        3.1439690949785646e-16,
        0.0,
        -1.7104915717670059e-15,
        -6.079092230536476e-17,
        0.0,
        0.0,
        0.0,
        0.0,
        0.0
      ],
      "b": -2.8791687000490613,
      "stat": {
        "mu": [
          0.0,
          0.0,
          0.0,
          0.0,
          0.0,
          0.0,
          0.0,
          0.7312679108128888,
          0.0,
          0.0,
          0.0,
          -33.09055706996575,
          0.4166666666666667,
          0.9199961288449441,
          0.002275110085971902,
          0.0,
          0.0,
          0.0,
          0.0,
          -6.7
        ],
        "sd": [
          1.0,
          1.0,
          1.0,
          1.0,
          1.0,
          1.0,
          1.0,
          0.16877221756556285,
          1.0,
          1.0,
          1.0,
          1.8237505567004857,
          1.0,
          0.026448077989672858,
          0.004192251776364099,
          1.0,
          1.0,
          1.0,
          1.0,
          1.0
        ]
      },
      "n": 4769
    },
    "Woodbine|dirt|unk": {
      "w": [
        0.0,
        0.0,
        0.0,
        0.0,
        0.0,
        0.0,
        0.0,
        2.866952767003984e-16,
        0.0,
        0.0,
        0.0,
        -4.166903800968047e-16,
        0.0,
        1.5372204065013464e-15,
        1.180659100466763e-16,
        0.0,
        0.0,
        0.0,
        0.0,
        0.0
      ],
      "b": -2.879168700049061,
      "stat": {
        "mu": [
          0.0,
          0.0,
          0.0,
          0.0,
          0.0,
          0.0,
          0.0,
          0.718939393939394,
          0.0,
          0.0,
          0.0,
          -32.42104377104377,
          0.4166666666666667,
          0.9259615384615385,
          0.0024191919191919194,
          0.0,
          0.0,
          0.0,
          0.0,
          -6.7
        ],
        "sd": [
          1.0,
          1.0,
          1.0,
          1.0,
          1.0,
          1.0,
          1.0,
          0.1825830921868031,
          1.0,
          1.0,
          1.0,
          5.357485708734669,
          1.0,
          0.02123866058593502,
          0.004282456030134543,
          1.0,
          1.0,
          1.0,
          1.0,
          1.0
        ]
      },
      "n": 3960
    },
    "Monmouth Park|dirt|unk": {
      "w": [
        0.0,
        0.0,
        0.0,
        0.0,
        0.0,
        0.0,
        0.0,
        4.0479446192256915e-16,
        0.0,
        0.0,
        0.0,
        -5.102732214229927e-16,
        0.0,
        -1.275859340222355e-15,
        3.2907252524960825e-17,
        0.0,
        0.0,
        0.0,
        0.0,
        0.0
      ],
      "b": -2.879168700049059,
      "stat": {
        "mu": [
          0.0,
          0.0,
          0.0,
          0.0,
          0.0,
          0.0,
          0.0,
          0.7671541574687271,
          0.0,
          0.0,
          0.0,
          -32.64466519499632,
          0.4166666666666667,
          0.9196956189505858,
          0.002177152317880795,
          0.0,
          0.0,
          0.0,
          0.0,
          -6.7
        ],
        "sd": [
          1.0,
          1.0,
          1.0,
          1.0,
          1.0,
          1.0,
          1.0,
          0.17154176579716998,
          1.0,
          1.0,
          1.0,
          4.82002898469417,
          1.0,
          0.01981567857392712,
          0.004126927545227107,
          1.0,
          1.0,
          1.0,
          1.0,
          1.0
        ]
      },
      "n": 3624
    },
    "Parx Racing|dirt|unk": {
      "w": [
        0.0,
        0.0,
        0.0,
        0.0,
        0.0,
        0.0,
        0.0,
        8.765869585565572e-17,
        0.0,
        0.0,
        0.0,
        7.710053779781692e-17,
        0.0,
        1.1911147305634465e-16,
        -5.726704446238832e-17,
        0.0,
        0.0,
        0.0,
        0.0,
        0.0
      ],
      "b": -2.879168700049059,
      "stat": {
        "mu": [
          0.0,
          0.0,
          0.0,
          0.0,
          0.0,
          0.0,
          0.0,
          0.6804755811473662,
          0.0,
          0.0,
          0.0,
          -25.476231605886113,
          0.4166666666666667,
          0.9308381317978247,
          0.0025879718490083173,
          0.0,
          0.0,
          0.0,
          0.0,
          -6.7
        ],
        "sd": [
          1.0,
          1.0,
          1.0,
          1.0,
          1.0,
          1.0,
          1.0,
          0.19188458192840466,
          1.0,
          1.0,
          1.0,
          31.567015048059098,
          1.0,
          0.024278380639954168,
          0.004379739740991883,
          1.0,
          1.0,
          1.0,
          1.0,
          1.0
        ]
      },
      "n": 3126
    },
    "Del Mar|dirt|unk": {
      "w": [
        0.0,
        0.0,
        0.0,
        0.0,
        0.0,
        0.0,
        0.0,
        2.123915952300918e-17,
        0.0,
        0.0,
        0.0,
        -2.193066789556857e-15,
        0.0,
        -1.3558312623993606e-15,
        -9.223269638998407e-17,
        0.0,
        0.0,
        0.0,
        0.0,
        0.0
      ],
      "b": -2.879168700049056,