{
  "buckets": {
    "Belmont at the Big A|dirt|unk": {
      "w": [
        0.0,
        0.0,
        0.0,
        0.0,
        0.0,
        0.0,
        0.0,
        2.305631421462448e-16,
        0.0,
        0.0,
        0.0,
        4.4160038647002326e-16,
        0.0,
        6.435175351426261e-16,
        1.0247721469157746e-16,
        0.0,
        0.0,
        0.0,
        0.0,
        0.0
      ],
      "b": -2.8791687000490582,
      "stat": {
        "mu": [
          0.0,
          0.0,
          0.0,
          0.0,
          0.0,
          0.0,
          0.0,
          0.8486019131714496,
          0.0,
          0.0,
          0.0,
          -32.08302060338484,
          0.4166666666666667,
          0.9302131091866191,
          0.002306843267108168,
          0.0,
          0.0,
          0.0,
          0.0,
          -6.7
        ],
        "sd": [
          1.0,
          1.0,
          1.0,
          1.0,
          1.0,
          1.0,
          1.0,
          0.24268146322667072,
          1.0,
          1.0,
          1.0,
          4.279182288125666,
          1.0,
          0.025725067684635568,
          0.004212707776725012,
          1.0,
          1.0,
          1.0,
          1.0,
          1.0
        ]
      },
      "n": 1812
    },
    "Churchill Downs|dirt|unk": {
      "w": [
        0.0,
        0.0,
        0.0,
        0.0,
        0.0,
        0.0,
        0.0,
        7.429637397664119e-17,
        0.0,
        0.0,
        0.0,
        4.99501791569827e-16,
        0.0,
        8.238275092187384e-17,
        1.928440062134452e-17,
        0.0,
        0.0,
        0.0,
        0.0,
        0.0
      ],
      "b": -2.879168700049059,
      "stat": {
        "mu": [
          0.0,
          0.0,
          0.0,
          0.0,
          0.0,
          0.0,
          0.0,
          0.8689252836651681,
          0.0,
          0.0,
          0.0,
          -32.37259687433097,
          0.4166666666666667,
          0.9229460006916654,
          0.0020680796403339755,
          0.0,
          0.0,
          0.0,
          0.0,
          -6.7
        ],
        "sd": [
          1.0,
          1.0,
          1.0,
          1.0,
          1.0,
          1.0,
          1.0,
          0.241589197568788,
          1.0,
          1.0,
          1.0,
          3.7179270188278086,
          1.0,
          0.01913647051826995,
          0.004050165799640288,
          1.0,
          1.0,
          1.0,
          1.0,
          1.0
        ]
      },
      "n": 3114
    },
    "Monmouth Park|dirt|unk": {
      "w": [
        0.0,
        0.0,
        0.0,
        0.0,
        0.0,
        0.0,
        0.0,
        2.1397276342199864e-16,
        0.0,
        0.0,
        0.0,
        4.112835186232519e-17,
        0.0,
        2.3413862985318654e-15,
        -4.924105403399205e-17,
        0.0,
        0.0,
        0.0,
        0.0,
        0.0
      ],
      "b": -2.879168700049059,
      "stat": {
        "mu": [
          0.0,
          0.0,
          0.0,
          0.0,
          0.0,
          0.0,
          0.0,
          0.76468450130852,
          0.0,
          0.0,
          0.0,
          -32.60941165067364,
          0.4166666666666667,
          0.9195562216207753,
          0.0021779587089270137,
          0.0,
          0.0,
          0.0,
          0.0,
          -6.7
        ],
        "sd": [
          1.0,
          1.0,
          1.0,
          1.0,
          1.0,
          1.0,
          1.0,
          0.1696282279465964,
          1.0,
          1.0,
          1.0,
          4.945516042428766,
          1.0,
          0.01984105300084985,
          0.0041274790067884195,
          1.0,
          1.0,
          1.0,
          1.0,
          1.0
        ]
      },
      "n": 3439
    },
    "Parx Racing|dirt|unk": {
      "w": [
        0.0,
        0.0,
        0.0,
        0.0,
        0.0,
        0.0,
        0.0,
        6.265826409123291e-17,
        0.0,
        0.0,
        0.0,
        4.1482233289933054e-16,
        0.0,
        1.701103577824534e-15,
        -1.4451353722726594e-17,
        0.0,
        0.0,
        0.0,
        0.0,
        0.0
      ],
      "b": -2.879168700049059,
      "stat": {
        "mu": [
          0.0,
          0.0,
          0.0,
          0.0,
          0.0,
          0.0,
          0.0,
          0.6798904538341158,
          0.0,
          0.0,
          0.0,
          -25.645195618153362,
          0.4166666666666667,
          0.9307042253521127,
          0.002588419405320814,
          0.0,
          0.0,
          0.0,
          0.0,
          -6.7
        ],
        "sd": [
          1.0,
          1.0,
          1.0,
          1.0,
          1.0,
          1.0,
          1.0,
          0.19040943310287095,
          1.0,
          1.0,
          1.0,
          31.24499443202097,
          1.0,
          0.024279020226162518,
          0.004379986191230149,
          1.0,
          1.0,
          1.0,
          1.0,
          1.0
        ]
      },
      "n": 3195
    },
    "Gulfstream Park|dirt|unk": {
      "w": [
        0.0,
        0.0,
        0.0,
        0.0,
        0.0,
        0.0,
        0.0,
        1.8914636603750426e-16,
        0.0,
        0.0,
        0.0,
        -5.781065018573822e-16,
        0.0,
        -2.4975436495657303e-16,
        -7.678481997770013e-18,
        0.0,
        0.0,
        0.0,
        0.0,
        0.0
      ],
      "b": -2.879168700049061,
      "stat": {
        "mu": [
          0.0,
          0.0,
          0.0,
          0.0,
          0.0,
          0.0,
          0.0,
          0.7300492432471577,
          0.0,
          0.0,
          0.0,
          -33.083003838076614,
          0.4166666666666667,
          0.9201758050769565,
          0.0022724310232457093,
          0.0,
          0.0,
          0.0,
          0.0,
          -6.7
        ],
        "sd": [
          1.0,
          1.0,
          1.0,
          1.0,
          1.0,
          1.0,
          1.0,
          0.16836958247983427,
          1.0,
          1.0,
          1.0,
          1.855903134695108,
          1.0,
          0.02596159511095958,
          0.004190509214528414,
          1.0,
          1.0,
          1.0,
          1.0,
          1.0
        ]
      },
      "n": 4603
    },
    "Woodbine|dirt|unk": {
      "w": [
        0.0,
        0.0,
        0.0,
        0.0,
        0.0,
        0.0,
        0.0,
        3.94564911098942e-17,
        0.0,
        0.0,
        0.0,
        3.636873498067611e-16,
        0.0,
        -2.500523540892241e-15,
        -3.6279289006440054e-18,
        0.0,
        0.0,
        0.0,
        0.0,
        0.0
      ],
      "b": -2.8791687000490596,
      "stat": {
        "mu": [
          0.0,
          0.0,
          0.0,
          0.0,
          0.0,
          0.0,
          0.0,
          0.720613360669742,
          0.0,
          0.0,
          0.0,
          -32.40797881428327,
          0.4166666666666667,
          0.9260241296376611,
          0.002416709379805228,
          0.0,
          0.0,
          0.0,
          0.0,
          -6.7
        ],
        "sd": [
          1.0,
          1.0,
          1.0,
          1.0,
          1.0,
          1.0,
          1.0,
          0.1834162548142203,
          1.0,
          1.0,
          1.0,
          5.3960763597445105,
          1.0,
          0.021152891056322516,
          0.004280958954675192,
          1.0,
          1.0,
          1.0,
          1.0,
          1.0
        ]
      },
      "n": 3902
    },
    "Del Mar|dirt|unk": {
      "w": [
        0.0,
        0.0,
        0.0,
        0.0,
        0.0,
        0.0,
        0.0,
        2.123915952300918e-17,
        0.0,
        0.0,
        0.0,
        -2.193066789556857e-15,
        0.0,
        -1.3558312623993606e-15,
        -9.223269638998407e-17,
        0.0,
        0.0,
        0.0,
        0.0,
        0.0
      ],
      "b": -2.879168700049056,